{
    "manufacturer": "Thomas",
    "keyboard_name": "iso40",
    "maintainer": "capogreco",
    "bootloader": "caterina",
    "diode_direction": "COL2ROW",
    "features": {
        "bootmagic": true,
        "command": false,
        "console": false,
        "extrakey": true,
        "mousekey": true,
        "nkro": true
    },
    "matrix_pins": {
        "cols": ["F0", "F1", "F4", "F5", "F6", "B0", "B7", "B1", "B2", "B3", "D0", "D1"],
        "rows": ["D5", "D3", "D2", "D4"]
    },
    "processor": "atmega32u4",
    "url": "",
    "usb": {
        "device_version": "1.0.0",
        "pid": "0x0000",
        "vid": "0xFEED"
    },
    "layouts": {
        "LAYOUT": {
            "layout": [
                {"matrix": [0, 0], "x": 0, "y": 0},
                {"matrix": [0, 1], "x": 1, "y": 0},
                {"matrix": [0, 2], "x": 2, "y": 0},
                {"matrix": [0, 3], "x": 3, "y": 0},
                {"matrix": [0, 4], "x": 4, "y": 0},
                {"matrix": [0, 5], "x": 5, "y": 0},
                {"matrix": [0, 6], "x": 6, "y": 0},
                {"matrix": [0, 7], "x": 7, "y": 0},
                {"matrix": [0, 8], "x": 8, "y": 0},
                {"matrix": [0, 9], "x": 9, "y": 0},
                {"matrix": [0, 10], "x": 10, "y": 0},
                {"matrix": [0, 11], "x": 11.25, "y": 0, "w": 1.25, "h": 2},
                {"matrix": [1, 0], "x": 0, "y": 1, "w": 1.25},
                {"matrix": [1, 1], "x": 1.25, "y": 1},
                {"matrix": [1, 2], "x": 2.25, "y": 1},
                {"matrix": [1, 3], "x": 3.25, "y": 1},
                {"matrix": [1, 4], "x": 4.25, "y": 1},
                {"matrix": [1, 5], "x": 5.25, "y": 1},
                {"matrix": [1, 6], "x": 6.25, "y": 1},
                {"matrix": [1, 7], "x": 7.25, "y": 1},
                {"matrix": [1, 8], "x": 8.25, "y": 1},
                {"matrix": [1, 9], "x": 9.25, "y": 1},
                {"matrix": [1, 10], "x": 10.25, "y": 1},
                {"matrix": [2, 0], "x": 0, "y": 2, "w": 1.75},
                {"matrix": [2, 1], "x": 1.75, "y": 2},
                {"matrix": [2, 2], "x": 2.75, "y": 2},
                {"matrix": [2, 3], "x": 3.75, "y": 2},
                {"matrix": [2, 4], "x": 4.75, "y": 2},
                {"matrix": [2, 5], "x": 5.75, "y": 2},
                {"matrix": [2, 6], "x": 6.75, "y": 2},
                {"matrix": [2, 7], "x": 7.75, "y": 2},
                {"matrix": [2, 8], "x": 8.75, "y": 2},
                {"matrix": [2, 9], "x": 9.75, "y": 2},
                {"matrix": [2, 10], "x": 10.75, "y": 2},
                {"matrix": [2, 11], "x": 11.75, "y": 2, "w": 1.25},
                {"matrix": [3, 0], "x": 0.75, "y": 3},
                {"matrix": [3, 1], "x": 1.75, "y": 3, "w": 1.5},
                {"matrix": [3, 6], "x": 3.25, "y": 3, "w": 6},
                {"matrix": [3, 9], "x": 9.5, "y": 3, "w": 1.5},
                {"matrix": [3, 10], "x": 11, "y": 3}
            ]
        }
    }
}
